signal,effect_size,mutual_information,logistic_abs_coef,permutation_importance,fail_residual_contribution,pca_loading_importance,effect_size_norm,mutual_information_norm,logistic_abs_coef_norm,permutation_importance_norm,fail_residual_contribution_norm,pca_loading_importance_norm,rca_score,evidence_count,evidence_ratio,rank
signal_059,0.625148245971393,0.0222423465931882,1.6072001447101043,0.00017768633608,0.1404881248955355,0.0382545268808698,1.0,0.4499691404880342,1.0,0.2758318195986656,0.0812384371544247,0.7421850022842931,0.5915373999209028,3,0.5,1
signal_122,0.3998187081239719,0.0287996134100441,0.743486584233061,0.0003059822724062,0.125083111456643,0.0392171690149606,0.6394717338606217,0.5826245552919272,0.4624810036071167,0.4749923310071107,0.0719009001895186,0.7841423038622198,0.5026021379697526,3,0.5,2
signal_127,0.3619648443713628,0.0329301975754485,0.3723678446148876,0.0001768745445043,0.2386226978420639,0.0400934631880772,0.5789053829251062,0.6661874742867125,0.2315209011027929,0.2745716329552362,0.1407213584811946,0.8223360807502011,0.4523738050835406,3,0.5,3
signal_577,0.1763559423299639,0.0238469494804394,0.6850400570609548,0.000437269510856,0.0190042022507924,0.0377017460498051,0.2819303113375924,0.4824307235757714,0.4261076964532401,0.6787963976032427,0.0076026287316165,0.7180917372856839,0.4324932491645244,2,0.3333333333333333,4
signal_365,0.1389002608882824,0.000781676565748,0.8706737282818013,0.00064418360557,0.1326717366216476,0.0373310968723438,0.2220010538765388,0.0158135442659179,0.5416339880588099,1.0,0.0765006409344473,0.7019367833649922,0.426314335083451,3,0.5,5
signal_301,0.386970081782703,0.0,0.5300972371346827,0.0006436014369012,0.0870471393263572,0.0340107340936512,0.61891387437472,0.0,0.329681389311491,0.9990962690391229,0.0488459189542532,0.5572168947167493,0.4256257243993893,3,0.5,6
signal_172,0.2032767374031949,0.0201454890332151,0.4659046101756847,0.0002814121833445,0.131366501907776,0.0414406480501588,0.3250037035948364,0.4075491022050276,0.2897320843593193,0.4368508929927738,0.075709490869113,0.8810538945024103,0.40264986142058,1,0.1666666666666666,7
signal_040,0.1899829507286718,0.044408759226955,0.2566555239331351,0.0,0.3534460815866934,0.0404978458081553,0.3037335855891005,0.8984021148925327,0.1595090984297003,0.0,0.2103199728805956,0.8399613258362275,0.401987682938026,2,0.3333333333333333,8
signal_177,0.0046841339344808,0.0226753046211374,0.7019244864194354,0.0002657398867432,0.5133785393342842,0.0390710842602325,0.0072546517809442,0.4587280073138641,0.4366154642349851,0.4125219649265176,0.3072608319087435,0.7777751172484179,0.4000260062355787,1,0.1666666666666666,9
signal_128,0.1844997313853122,0.0384024978818979,0.2089221205288132,0.0,0.3242710226758515,0.0441696732384285,0.2949604101696313,0.7768937010361667,0.1298029408950928,0.0,0.1926359122912345,1.0,0.3990488273986876,2,0.3333333333333333,10
signal_041,0.0384435900931353,0.04943082667639,0.6214797473011681,5.4199696422845e-05,0.1366924278355329,0.0391626056745976,0.0612699322939219,1.0,0.3865519044918037,0.0841370316695371,0.0789377275999702,0.7817641298288638,0.3987767876473495,2,0.3333333333333333,11
signal_079,0.3114276438499694,0.0077966613359665,0.2481017912223247,0.0001186506981314,0.917857829865557,0.0405546621419428,0.4980456365573061,0.1577287263878702,0.1541858129881839,0.184187702241292,0.552430389329542,0.8424376978615686,0.3981693275609605,2,0.3333333333333333,12
signal_310,0.2690950865216389,0.0269107447258079,0.1610926728516041,0.0001856551396175,0.0777508097242303,0.0437531320634438,0.4303133559134638,0.5444121924560372,0.100037011668186,0.2882022113140109,0.0432110766581304,0.98184481742536,0.398003444239198,2,0.3333333333333333,13
signal_406,0.1629165196230098,0.0189891854811248,0.4897869041168357,0.0002317518556642,0.2198990525908199,0.0429000682794563,0.2604271750300335,0.3841567450498401,0.3045948667193845,0.3597605615236744,0.1293722784985778,0.9446635501792768,0.3971625295001312,1,0.1666666666666666,14
signal_354,0.2155847667299711,0.0,0.7859206347867077,0.000552759288215,0.030682273860409,0.0363069987637166,0.3446966054450144,0.0,0.4888891895037039,0.8580772367310981,0.0146811311792881,0.657300888396987,0.3939408418760153,2,0.3333333333333333,15
signal_132,0.1569716059159882,0.0194923735630252,0.2919158219958283,0.0,1.3134967665195894,0.0366953476468848,0.2509152865682906,0.3943363862926349,0.1814528085836831,0.0,0.7922414878668722,0.6742272939962255,0.3821955438846178,2,0.3333333333333333,16
signal_510,0.3662233999598273,0.0105178567330315,0.2088106699700376,0.0002841811284741,0.366721904604222,0.0367133127616723,0.585719090871407,0.2127793006960819,0.1297335813351162,0.4411492717556938,0.2183669303634601,0.6750103136795803,0.3771264147835566,2,0.3333333333333333,17
signal_129,0.1608157082806705,0.002961377975839,0.1737640295452152,0.0,1.656255535077498,0.0404253516005911,0.2570658675069496,0.0599095377309059,0.1079228377621102,0.0,1.0,0.8368016248199267,0.3769499779699821,2,0.3333333333333333,18
signal_544,0.2574506906082164,0.0001986590755547,1.4256634582066052,0.0,0.3168950709424299,0.0384235271041115,0.4116822704862643,0.0040189308759751,0.8870234045139275,0.0,0.188165080621052,0.7495509725469475,0.3734067765073611,2,0.3333333333333333,19
signal_000,0.3667614724671525,0.0133933682462821,0.9115617247372194,0.0,0.1529260209956315,0.0376973681095834,0.5865800092843964,0.2709517349156385,0.5670800107044347,0.0,0.0887774967638823,0.7179009222863556,0.3718816956591179,3,0.5,20
